Gostei,do,produto,,,tudo,ok,como,o,esperado,.,,,,,,,,,,,,,,,,,,
VERB,DET,NOUN,PUNCT,PRON,NOUN,ADP,DET,NOUN,PUNCT,SPACE,,,,,,,,,,,,,,,,,
Muito,bom,boa,qualidade,.,Eu,recomendo,.,,,,,,,,,,,,,,,,,,,,
ADV,ADJ,ADJ,NOUN,PUNCT,PRON,VERB,PUNCT,SPACE,,,,,,,,,,,,,,,,,,,
Quero,um,preto,e,um,branco,vc,teria,?,,,,,,,,,,,,,,,,,,,
VERB,DET,ADJ,CCONJ,DET,ADJ,ADJ,AUX,PUNCT,SPACE,,,,,,,,,,,,,,,,,,
O,unico,problema,e,que,o,manuel,nao,e,em,portugues,demorei,pra,descrobrir,como,liogar,os,dois,a,o,mesmo,tempo,,,mais,consegui,achar,.,
DET,ADJ,NOUN,CCONJ,SCONJ,DET,PROPN,ADV,CCONJ,ADP,NOUN,VERB,ADP,VERB,ADV,VERB,DET,NUM,DET,DET,ADJ,NOUN,PUNCT,ADV,VERB,VERB,PUNCT,SPACE
primeiro,anivers√°rio,longe,,,estou,triste,e,muitooooo,feliz,a,o,mesmo,tempo,,,,,,,,,,,,,,,
ADJ,NOUN,ADJ,PUNCT,VERB,ADJ,DET,ADV,ADJ,DET,DET,ADJ,NOUN,SPACE,,,,,,,,,,,,,,
Qual,hor√°rio,posso,retirar,?,,,,,,,,,,,,,,,,,,,,,,,
PRON,NOUN,PRON,VERB,PUNCT,SPACE,,,,,,,,,,,,,,,,,,,,,,
Mano,n√£o,briga,,,arranja,treta,.,,,,,,,,,,,,,,,,,,,,,
ADJ,ADV,VERB,PUNCT,VERB,NOUN,PUNCT,SPACE,,,,,,,,,,,,,,,,,,,,
segue,respirando,com,a,ajuda,de,aparelhos,,,,,,,,,,,,,,,,,,,,,
AUX,VERB,ADP,DET,NOUN,ADP,NOUN,SPACE,,,,,,,,,,,,,,,,,,,,
Que,√©,isso,v√©io,!,,,,,,,,,,,,,,,,,,,,,,,
SCONJ,VERB,PRON,NOUN,PUNCT,SPACE,,,,,,,,,,,,,,,,,,,,,,
Veja,bem,em,quem,vota,a√≠,nas,elei√ß√µes,rapaziada,,,,,,,,,,,,,,,,,,,
VERB,ADV,ADP,PRON,VERB,ADV,ADJ,NOUN,NOUN,SPACE,,,,,,,,,,,,,,,,,,
Mais,aten√ß√£o,galera,vamo,colaborar,pra,eles,faze,servi√ßo,de,qualidade,pra,nois,como,sempre,fazem,!,,,,,,,,,,,
ADV,NOUN,NOUN,VERB,VERB,ADP,PRON,VERB,NOUN,ADP,NOUN,ADP,NOUN,ADV,ADV,VERB,PUNCT,SPACE,,,,,,,,,,
Diz,ser,de,S√£o,Carlos,mais,nunca,ando,de,onibus,lotado,e,grito,calma,ai,motorista,eu,vo,desce,kkkkkkk,!,,,,,,,
VERB,VERB,ADP,PROPN,PROPN,ADV,ADV,VERB,ADP,NOUN,ADJ,CCONJ,VERB,ADJ,ADP,NOUN,PRON,ADV,VERB,X,PUNCT,SPACE,,,,,,
Ele,foi,trollado,kkkk,,,,,,,,,,,,,,,,,,,,,,,,
PRON,AUX,VERB,NOUN,SPACE,,,,,,,,,,,,,,,,,,,,,,,
Vou,viajar,pra,fora,do,Brasil,,,SQN,,,,,,,,,,,,,,,,,,,,
AUX,VERB,ADP,ADV,ADP,PROPN,PUNCT,PROPN,SPACE,,,,,,,,,,,,,,,,,,,
Voc√™,√©,meu,bife,,,amo,voc√™,:,(,-,,,,,,,,,,,,,,,,,,
PRON,VERB,DET,NOUN,PUNCT,VERB,PRON,SYM,SYM,SYM,SPACE,,,,,,,,,,,,,,,,,
Ela,vive,postando,selfie,.,Quer,biscoito,essa,d,a√≠,...,,,,,,,,,,,,,,,,,
PRON,VERB,VERB,NOUN,PUNCT,VERB,NOUN,ADP,ADP,ADP,PUNCT,SPACE,,,,,,,,,,,,,,,,
Este,bon√©,√©,chavoso,demais,!,,,,,,,,,,,,,,,,,,,,,,
DET,NOUN,VERB,ADJ,PRON,PUNCT,SPACE,,,,,,,,,,,,,,,,,,,,,
Minha,foto,hitou,no,Instagram,,,,,,,,,,,,,,,,,,,,,,,
PRON,NOUN,VERB,PRON,PROPN,SPACE,,,,,,,,,,,,,,,,,,,,,,
Qual,√©,a,tua,,,men√≥,?,T√°,causando,no,rol√™,!,,,,,,,,,,,,,,,,
PRON,VERB,DET,NOUN,PUNCT,NOUN,PUNCT,AUX,VERB,PRON,NOUN,PUNCT,SPACE,,,,,,,,,,,,,,,
Voc√™,mitou,n,aquele,post,,,,,,,,,,,,,,,,,,,,,,,
PRON,VERB,ADP,DET,NOUN,SPACE,,,,,,,,,,,,,,,,,,,,,,
Gra√ßas,a,Deus,,,sextou,,,,,,,,,,,,,,,,,,,,,,,
NOUN,ADP,PROPN,PUNCT,VERB,SPACE,,,,,,,,,,,,,,,,,,,,,,
Minha,m√£e,t√°,na,Disney,que,eu,vou,voltar,√†,s,22h,da,festa,,,,,,,,,,,,,,
PRON,NOUN,VERB,ADP,PROPN,SCONJ,PRON,AUX,VERB,DET,DET,NOUN,ADP,NOUN,SPACE,,,,,,,,,,,,,
N√≥is,foi,mesmo,!,,,,,,,,,,,,,,,,,,,,,,,,
NOUN,VERB,ADV,PUNCT,SPACE,,,,,,,,,,,,,,,,,,,,,,,
Nesse,ponto,de,onibus,esperando,at√©,o,infinito,n√£o,vai,passar,n√£o,?,,,,,,,,,,,,,,,
ADP,NOUN,ADP,NOUN,VERB,ADP,DET,NOUN,ADV,AUX,VERB,ADV,PUNCT,SPACE,,,,,,,,,,,,,,
Ningu√©m,escreve,Am√©rica,sem,√ârica,,,,,,,,,,,,,,,,,,,,,,,
PRON,VERB,PROPN,ADP,PROPN,SPACE,,,,,,,,,,,,,,,,,,,,,,
to,bem,tb,kkk,vou,passar,pra,minha,m√£e,kkk,,,,,,,,,,,,,,,,,,
ADP,ADV,ADV,X,AUX,VERB,DET,PRON,NOUN,X,SPACE,,,,,,,,,,,,,,,,,
e,esse,trem,panor√¢mico,na,Su√≠ca,?,,,,,,,,,,,,,,,,,,,,,
CCONJ,PRON,NOUN,NOUN,PROPN,PROPN,PUNCT,SPACE,,,,,,,,,,,,,,,,,,,,
Internautas,veem,ele,ali,escondido,,,,,,,,,,,,,,,,,,,,,,,
PROPN,VERB,PRON,ADV,VERB,SPACE,,,,,,,,,,,,,,,,,,,,,,
Em,vc,nada,palha√ßo,,,vai,fazer,em,mim,,,,,,,,,,,,,,,,,,,
ADP,NOUN,NOUN,NOUN,PUNCT,AUX,VERB,ADP,PRON,SPACE,,,,,,,,,,,,,,,,,,
Mas,vc,n,bebe,n√©,?,,,,,,,,,,,,,,,,,,,,,,
CCONJ,PRON,PRON,VERB,ADV,PUNCT,SPACE,,,,,,,,,,,,,,,,,,,,,
Quero,acordar,cedo,,,mais,durmo,tarde,todos,os,dias,.,,,,,,,,,,,,,,,,,
VERB,VERB,ADV,PUNCT,CCONJ,NOUN,ADV,PRON,DET,NOUN,PUNCT,SPACE,,,,,,,,,,,,,,,,
Ela,se,demitiu,,,n√£o,sei,porqu√™,.,,,,,,,,,,,,,,,,,,,,
PRON,PRON,VERB,PUNCT,ADV,VERB,NOUN,PUNCT,SPACE,,,,,,,,,,,,,,,,,,,
Agente,vai,estudar,portugu√™s,hoje,.,,,,,,,,,,,,,,,,,,,,,,
PRON,AUX,VERB,NOUN,ADV,PUNCT,SPACE,,,,,,,,,,,,,,,,,,,,,
Olha,se,tem,algum,trabalho,pra,mim,fazer,essa,semana,?,,,,,,,,,,,,,,,,,
VERB,PRON,VERB,PRON,NOUN,ADP,PRON,VERB,PRON,NOUN,PUNCT,SPACE,,,,,,,,,,,,,,,,
N√£o,consigo,enchergar,nada,sem,esses,√≥culos,.,,,,,,,,,,,,,,,,,,,,
ADV,PRON,VERB,NOUN,ADP,PRON,NOUN,PUNCT,SPACE,,,,,,,,,,,,,,,,,,,
Hoje,a,noite,vou,dirijir,at√©,minha,cidade,.,,,,,,,,,,,,,,,,,,,
ADV,DET,NOUN,AUX,VERB,ADP,PRON,NOUN,PUNCT,SPACE,,,,,,,,,,,,,,,,,,
Gentilesa,gera,gentilesa,.,,,,,,,,,,,,,,,,,,,,,,,,
NOUN,VERB,NOUN,PUNCT,SPACE,,,,,,,,,,,,,,,,,,,,,,,
O,m√©dico,usou,o,aparelho,de,midir,pre√ß√£o,na,consulta,.,,,,,,,,,,,,,,,,,
DET,NOUN,VERB,DET,NOUN,ADP,VERB,NOUN,ADP,NOUN,PUNCT,SPACE,,,,,,,,,,,,,,,,
O,sr,.,deve,esperar,do,lado,de,fora,at√©,que,seja,atendido,.,,,,,,,,,,,,,,
DET,NOUN,PUNCT,NOUN,VERB,ADP,NOUN,ADP,ADV,ADP,SCONJ,AUX,VERB,PUNCT,SPACE,,,,,,,,,,,,,
O,dr,.,disse,que,ir√°,atender,voc√™s,agora,.,,,,,,,,,,,,,,,,,,
DET,NOUN,PUNCT,VERB,SCONJ,AUX,VERB,NOUN,ADV,PUNCT,SPACE,,,,,,,,,,,,,,,,,
Prof,.,,,quando,vai,ser,a,prova,?,,,,,,,,,,,,,,,,,,,
NOUN,PUNCT,PUNCT,ADV,AUX,VERB,DET,NOUN,PUNCT,SPACE,,,,,,,,,,,,,,,,,,
Obs,.,:,entreguem,os,trabalhos,at√©,a,semana,que,vem,.,,,,,,,,,,,,,,,,
NOUN,PUNCT,PUNCT,VERB,DET,NOUN,ADP,DET,NOUN,SCONJ,VERB,PUNCT,SPACE,,,,,,,,,,,,,,,
Aten√ß√£o,!,O,diretor,ir√°,falar,agora,.,,,,,,,,,,,,,,,,,,,,
NOUN,PUNCT,DET,NOUN,AUX,VERB,ADV,PUNCT,SPACE,,,,,,,,,,,,,,,,,,,
Cuidado,!,Piso,molhado,.,,,,,,,,,,,,,,,,,,,,,,,
NOUN,PUNCT,NOUN,ADJ,PUNCT,SPACE,,,,,,,,,,,,,,,,,,,,,,
Viva,!,Encontramos,a,cura,!,,,,,,,,,,,,,,,,,,,,,,
NOUN,PUNCT,VERB,DET,NOUN,PUNCT,SPACE,,,,,,,,,,,,,,,,,,,,,
Ufa,!,Acabamos,o,trabalho,.,,,,,,,,,,,,,,,,,,,,,,
INTJ,PUNCT,VERB,DET,NOUN,PUNCT,SPACE,,,,,,,,,,,,,,,,,,,,,
Tudo,bem,,,farei,o,que,me,pediu,.,;),,,,,,,,,,,,,,,,,,
PRON,NOUN,PUNCT,VERB,DET,SCONJ,PRON,VERB,PUNCT,SYM,SPACE,,,,,,,,,,,,,,,,,
At√©,mais,,,beijos,.,;,*,,,,,,,,,,,,,,,,,,,,,
ADP,NOUN,PUNCT,NOUN,PUNCT,SYM,SYM,SPACE,,,,,,,,,,,,,,,,,,,,
S√≥,poderei,sair,do,trabalho,√†,s,19,horas,.,:/,,,,,,,,,,,,,,,,,
ADV,VERB,VERB,DET,NOUN,DET,DET,NUM,NOUN,PUNCT,SYM,SPACE,,,,,,,,,,,,,,,,
Nunca,esperaria,isso,de,voc√™s,.,T_T,,,,,,,,,,,,,,,,,,,,,
ADV,VERB,PRON,ADP,NOUN,PUNCT,SYM,SPACE,,,,,,,,,,,,,,,,,,,,
Uai,,,mas,isso,n√£o,faz,sentido,.,,,,,,,,,,,,,,,,,,,,
INTJ,PUNCT,CCONJ,PRON,ADV,VERB,NOUN,PUNCT,SPACE,,,,,,,,,,,,,,,,,,,
Eita,,,√©,s√©rio,que,ele,sofreu,um,acidente,?,,,,,,,,,,,,,,,,,,
NOUN,PUNCT,VERB,ADJ,SCONJ,PRON,VERB,DET,NOUN,PUNCT,SPACE,,,,,,,,,,,,,,,,,
T√°,tirando,uma,com,a,minha,cara,?,,,,,,,,,,,,,,,,,,,,
AUX,VERB,DET,ADP,DET,PRON,NOUN,PUNCT,SPACE,,,,,,,,,,,,,,,,,,,
Cuidado,:,esse,post,√©,NSFW,.,,,,,,,,,,,,,,,,,,,,,
NOUN,PUNCT,PRON,NOUN,VERB,PROPN,PUNCT,SPACE,,,,,,,,,,,,,,,,,,,,
Se,a,gente,trocar,uma,ideia,,,talvez,funcione,.,,,,,,,,,,,,,,,,,,
SCONJ,DET,NOUN,VERB,PRON,NOUN,PUNCT,ADV,NOUN,PUNCT,SPACE,,,,,,,,,,,,,,,,,
Ontem,√†,tarde,,,a,equipe,fez,o,brainstorm,do,projeto,.,,,,,,,,,,,,,,,,
ADJ,ADP,NOUN,PUNCT,DET,NOUN,VERB,DET,NOUN,ADP,NOUN,PUNCT,SPACE,,,,,,,,,,,,,,,
Preciso,dos,resultados,de,imediato,,,para,que,possa,ser,dado,o,feedback,.,,,,,,,,,,,,,,
VERB,NOUN,NOUN,ADP,ADJ,PUNCT,ADP,SCONJ,NOUN,AUX,VERB,DET,NOUN,PUNCT,SPACE,,,,,,,,,,,,,
To,do,:,listar,as,funcionalidades,do,sistema,.,,,,,,,,,,,,,,,,,,,
ADP,VERB,PUNCT,VERB,DET,NOUN,ADP,NOUN,PUNCT,SPACE,,,,,,,,,,,,,,,,,,
Ou,,,bora,dar,um,rol√™,mais,tarde,?,,,,,,,,,,,,,,,,,,,
INTJ,PUNCT,ADV,VERB,DET,NOUN,ADV,ADV,PUNCT,SPACE,,,,,,,,,,,,,,,,,,
Ai,mds,,,q,q,a,gente,vai,fazer,agora,?,,,,,,,,,,,,,,,,,
INTJ,PROPN,PUNCT,PRON,PRON,DET,NOUN,AUX,VERB,ADV,PUNCT,SPACE,,,,,,,,,,,,,,,,
N√£o,sei,a,onde,fica,o,ponto,de,√¥nibus,.,,,,,,,,,,,,,,,,,,
ADV,VERB,DET,ADV,VERB,DET,NOUN,ADP,NOUN,PUNCT,SPACE,,,,,,,,,,,,,,,,,
O,pote,estava,emcima,da,mesa,.,,,,,,,,,,,,,,,,,,,,,
DET,NOUN,VERB,ADP,ADP,NOUN,PUNCT,SPACE,,,,,,,,,,,,,,,,,,,,
Vou,ver,se,tem,alguma,tarefa,pra,mim,fazer,hoje,.,,,,,,,,,,,,,,,,,
AUX,VERB,SCONJ,VERB,PRON,NOUN,ADP,PRON,VERB,ADV,PUNCT,SPACE,,,,,,,,,,,,,,,,
Hoje,tinha,menas,pessoas,na,aula,do,que,ontem,.,,,,,,,,,,,,,,,,,,
ADV,VERB,ADV,NOUN,ADP,NOUN,ADV,SCONJ,ADV,PUNCT,SPACE,,,,,,,,,,,,,,,,,
Ontem,agente,foi,no,cinema,.,,,,,,,,,,,,,,,,,,,,,,
ADV,NOUN,VERB,ADP,NOUN,PUNCT,SPACE,,,,,,,,,,,,,,,,,,,,,
Vei,o,Ruan,ta,na,Disney,.,,,,,,,,,,,,,,,,,,,,,
ADJ,DET,PROPN,ADV,ADP,PROPN,PUNCT,SPACE,,,,,,,,,,,,,,,,,,,,
Fui,na,entrevista,,,mas,deu,ruim,.,A,vaga,j√°,havia,sido,preenchida,.,,,,,,,,,,,,,
VERB,ADP,NOUN,PUNCT,CCONJ,VERB,ADJ,PUNCT,DET,NOUN,ADV,AUX,VERB,ADJ,PUNCT,SPACE,,,,,,,,,,,,
Mano,do,c√©u,,,acho,que,eu,tirei,zero,na,prova,.,,,,,,,,,,,,,,,,
ADJ,DET,NOUN,PUNCT,VERB,SCONJ,PRON,VERB,NUM,ADP,NOUN,PUNCT,SPACE,,,,,,,,,,,,,,,
Que,isso,ai,fi,?,,,,,,,,,,,,,,,,,,,,,,,
SCONJ,PRON,ADV,NOUN,PUNCT,SPACE,,,,,,,,,,,,,,,,,,,,,,
Pode,deixar,,,qualquer,coisa,eu,te,aviso,blz,?,,,,,,,,,,,,,,,,,,
NOUN,VERB,PUNCT,PRON,NOUN,PRON,PRON,NOUN,NOUN,PUNCT,SPACE,,,,,,,,,,,,,,,,,
Eu,vi,vc,na,festa,ontem,,,mas,n√£o,deu,pra,ir,falar,com,vc,.,,,,,,,,,,,,
PRON,VERB,PRON,ADP,NOUN,ADV,PUNCT,CCONJ,ADV,VERB,ADP,VERB,VERB,ADP,PRON,PUNCT,SPACE,,,,,,,,,,,
O,prof,de,matem√°tica,postou,a,lista,ontem,.,,,,,,,,,,,,,,,,,,,
DET,NOUN,ADP,NOUN,VERB,DET,NOUN,ADV,PUNCT,SPACE,,,,,,,,,,,,,,,,,,
Ela,formou,em,adm,na,UFLA,.,,,,,,,,,,,,,,,,,,,,,
PRON,VERB,ADP,NOUN,ADP,PROPN,PUNCT,SPACE,,,,,,,,,,,,,,,,,,,,
Ela,me,chingou,muito,porque,eu,quebrei,a,janela,da,sala,.,,,,,,,,,,,,,,,,
PRON,PRON,VERB,ADV,SCONJ,PRON,VERB,DET,NOUN,ADP,NOUN,PUNCT,SPACE,,,,,,,,,,,,,,,
Eu,vou,voltar,de,t√°xi,,,o,metr√¥,para,muito,lonje,da,minha,casa,.,,,,,,,,,,,,,
PRON,AUX,VERB,ADP,NOUN,PUNCT,DET,NOUN,VERB,ADV,ADV,ADP,PRON,NOUN,PUNCT,SPACE,,,,,,,,,,,,
A,menina,chegou,atrazada,para,a,aula,de,engenharia,de,software,.,,,,,,,,,,,,,,,,
DET,NOUN,VERB,ADJ,ADP,DET,NOUN,ADP,NOUN,ADP,NOUN,PUNCT,SPACE,,,,,,,,,,,,,,,
O,probrema,de,mat√©matica,estava,muito,dificiu,de,resolver,.,,,,,,,,,,,,,,,,,,
DET,NOUN,ADP,NOUN,VERB,ADV,ADJ,ADP,VERB,PUNCT,SPACE,,,,,,,,,,,,,,,,,
O,paciente,sofre,de,ELA,,,infelizmente,a,√∫nica,coisa,que,podemos,fazer,√©,tratar,os,sintomas,.,,,,,,,,,,
DET,NOUN,VERB,ADP,PROPN,PUNCT,ADV,DET,ADJ,NOUN,SCONJ,AUX,VERB,VERB,VERB,DET,NOUN,PUNCT,SPACE,,,,,,,,,
Basta,acessar,a,homepage,para,saber,as,inform√ß√µes,da,empresa,.,,,,,,,,,,,,,,,,,
VERB,VERB,DET,NOUN,ADP,VERB,DET,NOUN,ADP,NOUN,PUNCT,SPACE,,,,,,,,,,,,,,,,
Basta,mudar,a,configura√ß√£o,no,BIOS,.,,,,,,,,,,,,,,,,,,,,,
VERB,VERB,DET,NOUN,ADP,PROPN,PUNCT,SPACE,,,,,,,,,,,,,,,,,,,,
Em,rela√ß√£o,√†,dona,Regina,,,o,progn√≥stico,√©,favor√°vel,no,caso,de,pronta-suspens√£o,do,rem√©dio,.,,,,,,,,,,,
ADP,NOUN,ADP,NOUN,PROPN,PUNCT,DET,NOUN,VERB,ADJ,ADP,NOUN,ADP,NOUN,ADP,NOUN,PUNCT,SPACE,,,,,,,,,,
Vou,dormir,,,beijos,:*,*,,,,,,,,,,,,,,,,,,,,,,
AUX,VERB,PUNCT,NOUN,SYM,SYM,SPACE,,,,,,,,,,,,,,,,,,,,,
N√£o,vai,dar,pra,eu,ir,,,to,meio,doente,hoje,:(,,,,,,,,,,,,,,,,
ADV,AUX,VERB,ADP,PRON,VERB,PUNCT,VERB,ADJ,ADJ,ADV,SYM,SPACE,,,,,,,,,,,,,,,
Acho,que,n√£o,vai,ter,aula,hoje,:D,,,,,,,,,,,,,,,,,,,,
VERB,SCONJ,ADV,AUX,VERB,NOUN,ADV,SYM,SPACE,,,,,,,,,,,,,,,,,,,
A,Silvia,tava,linda,na,festa,s√°bado,*,-,*,,,,,,,,,,,,,,,,,,
DET,PROPN,VERB,NOUN,ADP,NOUN,NOUN,SYM,SYM,SYM,SPACE,,,,,,,,,,,,,,,,,
Droga,,,acho,que,deixei,o,frango,queimar,no,forno,.,,,,,,,,,,,,,,,,,
INTJ,PUNCT,VERB,SCONJ,VERB,DET,NOUN,VERB,PRON,NOUN,PUNCT,SPACE,,,,,,,,,,,,,,,,
Ah,,,como,eu,queria,voltar,a,ser,crian√ßa,!,,,,,,,,,,,,,,,,,,
INTJ,PUNCT,ADV,PRON,VERB,VERB,ADP,VERB,NOUN,PUNCT,SPACE,,,,,,,,,,,,,,,,,
Hum,!,Esse,brigadeiro,estava,muito,gostoso,.,,,,,,,,,,,,,,,,,,,,
INTJ,PUNCT,PRON,NOUN,VERB,ADV,ADJ,PUNCT,SPACE,,,,,,,,,,,,,,,,,,,
Puxa,!,Hoje,n√£o,foi,o,meu,dia,de,sorte,.,,,,,,,,,,,,,,,,,
INTJ,PUNCT,ADV,ADV,VERB,DET,PRON,NOUN,ADP,NOUN,PUNCT,SPACE,,,,,,,,,,,,,,,,
Psiu,,,Fa√ßa,sil√™ncio,!,,,,,,,,,,,,,,,,,,,,,,,
INTJ,PUNCT,VERB,NOUN,PUNCT,SPACE,,,,,,,,,,,,,,,,,,,,,,
Pow,cara,,,larga,esse,tro√ßo,pra,la,!,,,,,,,,,,,,,,,,,,,
INTJ,NOUN,PUNCT,VERB,PRON,NOUN,ADP,ADV,PUNCT,SPACE,,,,,,,,,,,,,,,,,,
Onde,nois,vai,?,,,,,,,,,,,,,,,,,,,,,,,,
ADV,PRON,VERB,PUNCT,SPACE,,,,,,,,,,,,,,,,,,,,,,,
Mano,,,cola,aqui,.,,,,,,,,,,,,,,,,,,,,,,,
ADJ,PUNCT,VERB,ADV,PUNCT,SPACE,,,,,,,,,,,,,,,,,,,,,,
Muito,obrigada,por,registrar,nossa,chacota,.,,,,,,,,,,,,,,,,,,,,,
NOUN,INTJ,ADP,VERB,PRON,NOUN,PUNCT,SPACE,,,,,,,,,,,,,,,,,,,,
Hownt,,,que,fofo,*,-,*,,,,,,,,,,,,,,,,,,,,,
INTJ,PUNCT,SCONJ,ADJ,SYM,SYM,SYM,SPACE,,,,,,,,,,,,,,,,,,,,
Ow,,,bora,la,na,rep,?,,,,,,,,,,,,,,,,,,,,,
INTJ,PUNCT,VERB,ADV,ADP,NOUN,PUNCT,SPACE,,,,,,,,,,,,,,,,,,,,
Da,um,salve,aqui,.,,,,,,,,,,,,,,,,,,,,,,,
VERB,NUM,NOUN,ADV,PUNCT,SPACE,,,,,,,,,,,,,,,,,,,,,,
Eu,to,morto,!,,,,,,,,,,,,,,,,,,,,,,,,
PRON,VERB,ADJ,PUNCT,SPACE,,,,,,,,,,,,,,,,,,,,,,,
N√£o,faz,isso,cara,,,moh,ideia,errada,!,,,,,,,,,,,,,,,,,,,
ADV,VERB,PRON,NOUN,PUNCT,INTJ,NOUN,NOUN,PUNCT,SPACE,,,,,,,,,,,,,,,,,,
iiihh,,,buguei,!,!,,,,,,,,,,,,,,,,,,,,,,,
INTJ,PUNCT,VERB,PUNCT,PUNCT,SPACE,,,,,,,,,,,,,,,,,,,,,,
Muleque,chavoso,.,,,,,,,,,,,,,,,,,,,,,,,,,
NOUN,ADJ,PUNCT,SPACE,,,,,,,,,,,,,,,,,,,,,,,,
Ningu√©m,mexe,com,meu,par√ßa,!,,,,,,,,,,,,,,,,,,,,,,
PRON,VERB,ADP,PRON,NOUN,PUNCT,SPACE,,,,,,,,,,,,,,,,,,,,,
Shippo,demais,aqueles,dois,!,,,,,,,,,,,,,,,,,,,,,,,
VERB,ADV,PRON,NUM,PUNCT,SPACE,,,,,,,,,,,,,,,,,,,,,,
Minino,,,vai,barr√©,o,terrero,!,,,,,,,,,,,,,,,,,,,,,
NOUN,PUNCT,AUX,VERB,DET,NOUN,PUNCT,SPACE,,,,,,,,,,,,,,,,,,,,
T√¥,pistola,com,ele,desde,ontem,.,,,,,,,,,,,,,,,,,,,,,
VERB,ADJ,ADP,PRON,ADP,ADV,PUNCT,SPACE,,,,,,,,,,,,,,,,,,,,
Tem,gente,que,passa,so,nas,costas,dos,outros,.,,,,,,,,,,,,,,,,,,
VERB,NOUN,SCONJ,VERB,ADV,ADP,NOUN,ADP,PRON,PUNCT,SPACE,,,,,,,,,,,,,,,,,
Zimbora,!,,,,,,,,,,,,,,,,,,,,,,,,,,
VERB,PUNCT,SPACE,,,,,,,,,,,,,,,,,,,,,,,,,
Se,oc√™,ja,ta,encaminhando,√©,mais,tranquilo,.,,,,,,,,,,,,,,,,,,,
SCONJ,PRON,ADV,VERB,VERB,VERB,ADV,ADJ,PUNCT,SPACE,,,,,,,,,,,,,,,,,,
Mano,,,acho,que,namoral,tenho,muita,coisa,para,fazer,.,,,,,,,,,,,,,,,,,
ADJ,PUNCT,VERB,SCONJ,ADJ,VERB,ADV,NOUN,ADP,VERB,PUNCT,SPACE,,,,,,,,,,,,,,,,
Caramba,velho,,,assim,n√£o,tem,como,.,,,,,,,,,,,,,,,,,,,,
INTJ,ADJ,PUNCT,ADV,ADV,VERB,ADP,PUNCT,SPACE,,,,,,,,,,,,,,,,,,,
Isso,√©,close,errado,!,,,,,,,,,,,,,,,,,,,,,,,
PRON,VERB,NOUN,VERB,PUNCT,SPACE,,,,,,,,,,,,,,,,,,,,,,
Lacrei,!,,,,,,,,,,,,,,,,,,,,,,,,,,
VERB,PUNCT,SPACE,,,,,,,,,,,,,,,,,,,,,,,,,
Sou,sambista,,,meu,amor,.,,,,,,,,,,,,,,,,,,,,,,
VERB,NOUN,PUNCT,PRON,NOUN,PUNCT,SPACE,,,,,,,,,,,,,,,,,,,,,
Num,faiz,mais,isso,,,,,,,,,,,,,,,,,,,,,,,,
ADV,VERB,ADV,PRON,SPACE,,,,,,,,,,,,,,,,,,,,,,,
Que,raiva,>,:,c,,,,,,,,,,,,,,,,,,,,,,,
SCONJ,NOUN,SYM,SYM,SYM,SPACE,,,,,,,,,,,,,,,,,,,,,,
Rushou,o,seriado,ontem,?,,,,,,,,,,,,,,,,,,,,,,,
VERB,DET,NOUN,ADV,PUNCT,SPACE,,,,,,,,,,,,,,,,,,,,,,
Mano,,,bora,grindar,!,,,,,,,,,,,,,,,,,,,,,,,
ADJ,PUNCT,VERB,VERB,PUNCT,SPACE,,,,,,,,,,,,,,,,,,,,,,
Eu,mexeno,aparece,idea,,,,,,,,,,,,,,,,,,,,,,,,
PRON,VERB,VERB,NOUN,SPACE,,,,,,,,,,,,,,,,,,,,,,,
E,com√©,que,faz,?,?,,,,,,,,,,,,,,,,,,,,,,
CCONJ,ADV,SCONJ,VERB,PUNCT,PUNCT,SPACE,,,,,,,,,,,,,,,,,,,,,
A,senhora,√©,destruidora,mesmo,viu,!,,,,,,,,,,,,,,,,,,,,,
DET,NOUN,VERB,NOUN,ADV,VERB,PUNCT,SPACE,,,,,,,,,,,,,,,,,,,,
legal,..,mas,essa,m√∫sica,,,n√£o,d√°,,,viu,..,üòÇ,,,,,,,,,,,,,,,,
ADJ,PUNCT,CCONJ,DET,NOUN,PUNCT,ADV,VERB,PUNCT,VERB,PUNCT,SYM,SPACE,,,,,,,,,,,,,,,
N√£o,sei,oque,escrever,,,,,,,,,,,,,,,,,,,,,,,,
ADV,VERB,SCONJ,VERB,SPACE,,,,,,,,,,,,,,,,,,,,,,,
Vim,pelo,coment√°rio,dum,cara,ae,,,,,,,,,,,,,,,,,,,,,,
VERB,DET,NOUN,ADP,NOUN,ADP,SPACE,,,,,,,,,,,,,,,,,,,,,
se,ouvir,a,xuxa,de,traz,para,frente,ela,fala,que,a,terra,e,esf√©rica,.,,,,,,,,,,,,
SCONJ,VERB,DET,NOUN,ADP,ADV,ADP,ADV,PRON,VERB,SCONJ,DET,NOUN,CCONJ,ADJ,PUNCT,SPACE,,,,,,,,,,,
ACREDITE,OU,N√ÉO,√©,d,ele,tbm,?,?,?,,,,,,,,,,,,,,,,,,
PROPN,PROPN,PROPN,VERB,ADP,PRON,ADV,PUNCT,PUNCT,PUNCT,SPACE,,,,,,,,,,,,,,,,,
quando,vc,pensa,que,j√°,viu,tudo,√©,a√≠,que,vc,n√£o,viu,nada,.,,,,,,,,,,,,,
ADV,PRON,VERB,SCONJ,ADV,VERB,PRON,VERB,ADV,ADV,PRON,ADV,VERB,PRON,PUNCT,SPACE,,,,,,,,,,,,
Eita,,,ser√°,q,teremos,um,v√≠deo,pol√™mico,em,breve,?,,,,,,,,,,,,,,,,,
VERB,PUNCT,VERB,CCONJ,DET,DET,NOUN,ADJ,ADP,NOUN,PUNCT,SPACE,,,,,,,,,,,,,,,,
Na,boa,eu,tava,totalmente,sem,interesse,mas,fui,l√°,pesquisar,e,.....,ü§£,ü§£,ü§£,ü§£,,,,,,,,,,,
ADP,ADJ,PRON,VERB,ADV,ADP,NOUN,CCONJ,VERB,ADV,VERB,CCONJ,PUNCT,SYM,SYM,SYM,SYM,,,,,,,,,,,
vey,q,coincid√™ncia,hein,,,,,,,,,,,,,,,,,,,,,,,,
PRON,DET,NOUN,ADV,SPACE,,,,,,,,,,,,,,,,,,,,,,,
Faltou,os,gato,F√©lix,,,,,,,,,,,,,,,,,,,,,,,,
VERB,DET,NOUN,PROPN,SPACE,,,,,,,,,,,,,,,,,,,,,,,
Eu,n√£o,pego,ningu√©m,pq,n√£o,saio,e,sou,feio,,,,,,,,,,,,,,,,,,
PRON,ADV,VERB,PRON,SCONJ,ADV,VERB,CCONJ,VERB,ADJ,SPACE,,,,,,,,,,,,,,,,,
Xininho,e,goxtinha,ativados,.,,,,,,,,,,,,,,,,,,,,,,,
PROPN,CCONJ,NOUN,ADJ,PUNCT,SPACE,,,,,,,,,,,,,,,,,,,,,,
,Q,delicia,de,,ilicitude,.,,,,,,,,,,,,,,,,,,,,,
SPACE,X,ADJ,ADP,SPACE,NOUN,PUNCT,SPACE,,,,,,,,,,,,,,,,,,,,
Sua,simplicidade,√©,dez,....,,,,,,,,,,,,,,,,,,,,,,,
DET,NOUN,VERB,ADJ,PUNCT,SPACE,,,,,,,,,,,,,,,,,,,,,,
ate,quando,esses,idiotas,vao,disser,que,a,terra,plana,nao,tem,nen,sentido,,,,,,,,,,,,,,
ADV,ADV,DET,NOUN,SCONJ,VERB,SCONJ,DET,NOUN,ADJ,ADV ,VERB,ADV,NOUN,SPACE,,,,,,,,,,,,,
imagina,essa,m√∫sica,com,1bi,de,visualiza√ß√£o,e,ela,t√°,100,%,em,portugu√™s,,,,,,,,,,,,,,
VERB,DET,NOUN,ADP,NUM,ADP,NOUN,CCONJ,PRON,VERB,NUM,SYM,ADP,NOUN,SPACE,,,,,,,,,,,,,
Essa,vai,ser,a,segunda,bater,1,bilhao,,,,,,,,,,,,,,,,,,,,
DET,AUX,VERB,DET,NOUN,VERB,NUM,NOUN,SPACE,,,,,,,,,,,,,,,,,,,
,tudo,que,ele,canta,fica,legal,,,,,,,,,,,,,,,,,,,,,
SPACE,PRON,SCONJ,PRON,VERB,VERB,ADJ,SPACE,,,,,,,,,,,,,,,,,,,,
quem,,gosta,,de,,chaves,,da,,um,,like,,,,,,,,,,,,,,,
PRON,SPACE,VERB,SPACE,ADP,SPACE,NOUN,SPACE,ADP,SPACE,DET,SPACE,NOUN,SPACE,,,,,,,,,,,,,,
Sera,q,quando,crian√ßa,imaginavam,q,seriao,esse,susseso,mundial,mesmo,dpois,q,morrecem,,,,,,,,,,,,,,
VERB,CCONJ,ADV,NOUN,VERB,DET,VERB,DET,NOUN,ADJ,ADV,ADV,PRON,NOUN,SPACE,,,,,,,,,,,,,
Nossa,faz,anos,que,oh,seu,madruga,morreu,,de,30,anos,atras,1988,caramba,,,,,,,,,,,,,
PROPN,VERB,NOUN,SCONJ,DET,DET,NOUN,VERB,SPACE,ADP,NUM,NOUN,ADV,NUM ,INTJ,SPACE,,,,,,,,,,,,
Cara,..,eu,que,sou,estudante,de,biologia,fico,super,animado,e,com,vontade,de,fazer,programa√ß√£o,,,,,,,,,,,
NOUN,PUNCT,PRON,PRON,DET,NOUN,ADP,NOUN,NOUN ,NOUN,ADJ,CCONJ,ADP,NOUN,ADP,VERB,NOUN,,,,,,,,,,,
QUANDO,ABRI,O,V√çDEO,JA,FECHEI,AS,PERNAS,PRA,N,LEVAR,CANETA,,,,,,,,,,,,,,,,
ADV,VERB,DET,NOUN,SCONJ,VERB,DET,NOUN,ADP,ADV,VERB,NOUN,SPACE,,,,,,,,,,,,,,,
Ronaldinho,nao,jogava,dava,show,,,,,,,,,,,,,,,,,,,,,,,
PROPN,ADV ,VERB,VERB,NOUN,SPACE,,,,,,,,,,,,,,,,,,,,,,
obrigado,por,mostrar,a,o,mundo,a,onde,vc,passou,a,alegria,do,futebol,,,,,,,,,,,,,,
ADJ,ADP,VERB,ADP,DET,NOUN,ADP,ADV,PRON,VERB,DET,NOUN,DET,NOUN,SPACE,,,,,,,,,,,,,
Se,esse,cara,n√£o,tiver,poderes,sobrenaturais,,,ningu√©m,explica,Ronaldinho,,,,,,,,,,,,,,,,,
SCONJ,DET  ,NOUN,ADV,VERB,NOUN,ADJ,PUNCT,NOUN,VERB,PROPN,SPACE,,,,,,,,,,,,,,,,
kkkkk,2,hrs,da,manh√£,e,eu,rindo,q,n,louca,aq,!,Kkkkkkk,,,,,,,,,,,,,,
X,NUM,NOUN,ADP,NOUN,CCONJ,PRON,ADV,ADP,SCONJ,NOUN,ADV,PUNCT,X,SPACE,,,,,,,,,,,,,
Na,boa,,,quem,n,essa,gera√ß√£o,conhece,Adoniran,Barbosa,?,,,,,,,,,,,,,,,,,
ADP,ADJ,PUNCT,PRON,ADP,DET,NOUN,VERB,PROPN,PROPN,PUNCT,SPACE,,,,,,,,,,,,,,,,
d+,esse,Beto,√©,um,genio,da,Hora,!,!,!,,,,,,,,,,,,,,,,,
ADV,DET,PROPN,VERB,DET,NOUN,ADP,NOUN,PUNCT,PUNCT,PUNCT,SPACE,,,,,,,,,,,,,,,,
S√≥,minhas,lagrima,que,ta,correndo,vo,limpa,aqui,,,,,,,,,,,,,,,,,,,
ADV,NOUN,NOUN,SCONJ,NOUN,VERB,VERB,VERB,ADV,SPACE,,,,,,,,,,,,,,,,,,
Eu,tbm,n√£o,sei,,,mas,acho,que,vc,devia,tentar,,,,,,,,,,,,,,,,,
PRON,ADV,ADV,VERB,PUNCT,CCONJ,VERB,SCONJ,PRON,AUX,VERB,SPACE,,,,,,,,,,,,,,,,
Tava,pensando,aqui,,,acho,q,vc,cometeu,varios,erros,,,,,,,,,,,,,,,,,,
VERB,VERB ,ADV,PUNCT,VERB,DET,PRON,VERB,NOUN,ADJ,SPACE,,,,,,,,,,,,,,,,,
Sla,como,faz,isso,,,tbm,to,com,duvidas,dms,,,,,,,,,,,,,,,,,,
ADV,ADV,VERB,PRON,PUNCT,ADV,VERB,ADP,NOUN,ADJ,SPACE,,,,,,,,,,,,,,,,,
Tava,correndo,demais,com,a,moto,Bl,,,,,,,,,,,,,,,,,,,,,
AUX,VERB,ADV,ADP,DET,NOUN,PROPN,SPACE,,,,,,,,,,,,,,,,,,,,
Desculpa,mas,acabei,vendendo,o,carro,:(,,,,,,,,,,,,,,,,,,,,,
NOUN,CCONJ,AUX,VERB,DET,NOUN,SYM,SPACE,,,,,,,,,,,,,,,,,,,,
S√≥,alegria,:),Depois,a,gente,v√™,como,modificamos,,,,,,,,,,,,,,,,,,,
ADV,NOUN,SYM,ADV,DET,NOUN,VERB,ADP,VERB,SPACE,,,,,,,,,,,,,,,,,,
Tem,nem,o,que,faser,com,isso,,,pode,joga,fora,,,,,,,,,,,,,,,,,
VERB,ADV,DET,SCONJ,VERB,ADP,PRON,PUNCT,AUX,VERB,ADV,SPACE,,,,,,,,,,,,,,,,
Levei,o,carro,na,ofi√ßina,e,tive,que,troca,o,√≥lho,,,,,,,,,,,,,,,,,
VERB,DET,NOUN,ADP,NOUN,CCONJ,VERB,SCONJ,VERB,DET,NOUN,SPACE,,,,,,,,,,,,,,,,
N√£o,sei,como,as,pessoas,podem,ser,t√£o,ipocritas,,,,,,,,,,,,,,,,,,,
ADV,VERB,ADV,DET,NOUN,AUX,VERB,ADV,ADJ,SPACE,,,,,,,,,,,,,,,,,,
Fala,ae,mano,,,suave,ou,nem,?,,,,,,,,,,,,,,,,,,,,
VERB,ADP,ADJ,PUNCT,ADJ,CCONJ,ADV,PUNCT,SPACE,,,,,,,,,,,,,,,,,,,
Caraca,menor,,,tu,√©,brabo,demais,,,nem,sei,como,tu,fez,isso,,,,,,,,,,,,,,
NOUN,NOUN,PUNCT,PRON,VERB,ADJ,ADV,PUNCT,ADV,VERB,ADV,PRON,VERB,PRON,SPACE,,,,,,,,,,,,,
Nem,sei,cara,,,qual,foi,d,essa,id√©ia,errada,ae,?,,,,,,,,,,,,,,,,
ADV,VERB,NOUN,PUNCT,PRON,VERB,X,PRON,NOUN,NOUN,ADP,PUNCT,SPACE,,,,,,,,,,,,,,,
Psiu,!,Est√£o,te,chamando,,,,,,,,,,,,,,,,,,,,,,,
INTJ,PUNCT,VERB,PRON,VERB,SPACE,,,,,,,,,,,,,,,,,,,,,,
Ah,,,como,sinto,falta,da,minha,moto,,,,,,,,,,,,,,,,,,,,
INTJ,PUNCT,ADV,VERB,NOUN,ADP,PRON,NOUN,SPACE,,,,,,,,,,,,,,,,,,,
Coitado,,,est√°,passando,mal,at√©,agora,,,,,,,,,,,,,,,,,,,,,
INTJ,PUNCT,AUX,VERB,ADV,ADP,ADV,SPACE,,,,,,,,,,,,,,,,,,,,
Tudo,vai,dar,certo,,,se,Deus,quiser,!,,,,,,,,,,,,,,,,,,,
PRON,AUX,VERB,ADJ,PUNCT,SCONJ,PROPN,VERB,PUNCT,SPACE,,,,,,,,,,,,,,,,,,
Precisa,formatar,pela,propria,BIOS,da,placa-m√£e,,,,,,,,,,,,,,,,,,,,,
VERB,VERB,NOUN,ADJ,PROPN,ADP,NOUN,SPACE,,,,,,,,,,,,,,,,,,,,
Estamos,tentando,conseguir,o,Habeas,corpus,,,,,,,,,,,,,,,,,,,,,,
AUX,VERB,VERB,DET,NOUN,NOUN,SPACE,,,,,,,,,,,,,,,,,,,,,
Depois,que,voc√™,ler,o,relat√≥rio,d√™,seu,Feedback,,,por,favor,,,,,,,,,,,,,,,,
ADV,SCONJ,PRON,VERB,DET,NOUN,VERB,DET,NOUN,PUNCT,ADP,NOUN,SPACE,,,,,,,,,,,,,,,
N√≥s,vamos,reunir,com,os,investidores,para,abrir,a,Startup,,,,,,,,,,,,,,,,,,
PRON,AUX,VERB,ADP,DET,NOUN,ADP,VERB,DET,NOUN,SPACE,,,,,,,,,,,,,,,,,
Ele,esteve,de,mal,humor,porque,brigou,com,a,esposa,,,,,,,,,,,,,,,,,,
PRON,VERB,ADP,NOUN,NOUN,SCONJ,VERB,ADP,DET,NOUN,SPACE,,,,,,,,,,,,,,,,,
Concerteza,isso,deve,estar,errado,,,n√£o,√©,poss√≠vel,,,,,,,,,,,,,,,,,,,
X,PRON,NOUN,VERB,ADJ,PUNCT,ADV,VERB,ADJ,SPACE,,,,,,,,,,,,,,,,,,
N√£o,sei,mas,o,que,fazer,,,,,,,,,,,,,,,,,,,,,,
ADV,VERB,CCONJ,DET,SCONJ,VERB,SPACE,,,,,,,,,,,,,,,,,,,,,
Eu,at√©,entendo,seu,lado,,,mais,preciso,seguir,meu,caminho,,,,,,,,,,,,,,,,,
PRON,ADV,VERB,PRON,NOUN,PUNCT,ADV,ADJ,VERB,PRON,NOUN,SPACE,,,,,,,,,,,,,,,,
A,dois,dias,estou,lendo,os,conte√∫dos,da,prova,,,,,,,,,,,,,,,,,,,
ADP,NUM,NOUN,AUX,VERB,DET,NOUN,ADP,NOUN,SPACE,,,,,,,,,,,,,,,,,,
Qnd,eu,chegar,em,casa,falo,com,vc,,,bjs,,,,,,,,,,,,,,,,,,
ADV,PRON,VERB,ADP,NOUN,VERB,ADP,NOUN,PUNCT,NOUN,SPACE,,,,,,,,,,,,,,,,,
Nem,sei,oq,falar,de,vc,,,me,ajudou,dms,!,,,,,,,,,,,,,,,,,
ADV,VERB,X,VERB,ADP,NOUN,PUNCT,PRON,VERB,ADV,PUNCT,SPACE,,,,,,,,,,,,,,,,
Tenho,que,dexar,meus,pertenses,no,arm√°rio,,,,,,,,,,,,,,,,,,,,,
VERB,SCONJ,VERB,PRON,NOUN,ADP,NOUN,SPACE,,,,,,,,,,,,,,,,,,,,
Ingl√™s,n√£o,√©,meu,forte,,,mas,portugu√™s,eu,distruo,,,,,,,,,,,,,,,,,,
NOUN,ADV,VERB,PRON,NOUN,PUNCT,CCONJ,NOUN,PRON,VERB,SPACE,,,,,,,,,,,,,,,,,
Pega,as,folhas,pra,mim,escrever,o,que,preciso,,,,,,,,,,,,,,,,,,,
VERB,DET,NOUN,ADP,PRON,VERB,DET,SCONJ,ADJ,SPACE,,,,,,,,,,,,,,,,,,
O,governo,anunciou,mudan√ßa,nas,leis,de,transito,.,,,,,,,,,,,,,,,,,,,
DET,NOUN,VERB,NOUN,X,NOUN,ADP,NOUN,PUNCT,SPACE,,,,,,,,,,,,,,,,,,
Tem,que,mecher,na,massa,.,,,,,,,,,,,,,,,,,,,,,,
VERB,SCONJ,VERB,ADP,NOUN,PUNCT,SPACE,,,,,,,,,,,,,,,,,,,,,
Sejam,todos,benvindos,√†,minha,casa,.,,,,,,,,,,,,,,,,,,,,,
VERB,PRON,ADJ,ADP,PRON,NOUN,PUNCT,SPACE,,,,,,,,,,,,,,,,,,,,
A,madrasta,d,ele,foi,buscar,p√£o,.,,,,,,,,,,,,,,,,,,,,
DET,NOUN,X,PRON,AUX,VERB,NOUN,PUNCT,SPACE,,,,,,,,,,,,,,,,,,,
Foi,um,mendigo,la,da,pra√ßa,que,ouviu,o,barulho,.,,,,,,,,,,,,,,,,,
VERB,NUM,NOUN,ADV,ADP,NOUN,SCONJ,VERB,DET,NOUN,PUNCT,SPACE,,,,,,,,,,,,,,,,
N√£o,se,sabe,o,por,que,d,isso,.,,,,,,,,,,,,,,,,,,,
ADV,CCONJ,VERB,DET,NOUN,NOUN,ADP,PRON,PUNCT,SPACE,,,,,,,,,,,,,,,,,,
Aonde,que,vende,p√£o,aqui,?,,,,,,,,,,,,,,,,,,,,,,
ADV,SCONJ,VERB,NOUN,ADV,PUNCT,SPACE,,,,,,,,,,,,,,,,,,,,,
Isto,√©,um,assunto,entre,eu,e,voc√™,.,,,,,,,,,,,,,,,,,,,
PRON,VERB,DET,NOUN,ADP,PRON,CCONJ,PRON,PUNCT,SPACE,,,,,,,,,,,,,,,,,,
Nem,parece,que,estes,alunos,tem,prova,amanh√£,.,,,,,,,,,,,,,,,,,,,
ADV,VERB,SCONJ,DET,NOUN,VERB,NOUN,ADV,PUNCT,SPACE,,,,,,,,,,,,,,,,,,
Comi,de,mais,.,Fiquei,muito,cheio,.,,,,,,,,,,,,,,,,,,,,
NOUN,ADV,ADV,PUNCT,VERB,ADV,ADJ,PUNCT,SPACE,,,,,,,,,,,,,,,,,,,
T√°,blz,,,estarei,l√°,.,,,,,,,,,,,,,,,,,,,,,,
VERB,ADJ,PUNCT,VERB,ADV,PUNCT,SPACE,,,,,,,,,,,,,,,,,,,,,
Para,o,sr,.,Adalberto,,,com,muito,carinho,.,,,,,,,,,,,,,,,,,,
ADP,DET,NOUN,PUNCT,PROPN,PUNCT,ADP,ADV,NOUN,PUNCT,SPACE,,,,,,,,,,,,,,,,,
Obs,.,:,Na,tabela,a,m√©dia,√©,calculada,de,forma,ponderada,.,,,,,,,,,,,,,,,
NOUN,PUNCT,PUNCT,DET,NOUN,DET,NOUN,VERB,VERB,ADP,NOUN,VERB,PUNCT,SPACE,,,,,,,,,,,,,,
Vou,comprar,um,refrigerante,de,1L.,,,,,,,,,,,,,,,,,,,,,,
AUX,VERB,DET,NOUN,ADP,NUM,SPACE,,,,,,,,,,,,,,,,,,,,,
Esses,textos,foram,escritos,em,10ac,.,,,,,,,,,,,,,,,,,,,,,
DET,NOUN,VERB,ADJ,ADP,NUM,PUNCT,SPACE,,,,,,,,,,,,,,,,,,,,
N√£o,estou,entendendo,esse,trem,.,,,,,,,,,,,,,,,,,,,,,,
ADV,AUX,VERB,DET,NOUN,PUNCT,SPACE,,,,,,,,,,,,,,,,,,,,,
Meu,brother,que,me,arrumou,esse,trem,.,,,,,,,,,,,,,,,,,,,,
DET,NOUN,SCONJ,PRON,VERB,DET,NOUN,PUNCT,SPACE,,,,,,,,,,,,,,,,,,,
Acabei,de,trollar,minha,namorada,.,,,,,,,,,,,,,,,,,,,,,,
VERB,ADP,VERB,DET,NOUN,PUNCT,SPACE,,,,,,,,,,,,,,,,,,,,,
Voc√™,vai,na,festa,ne,?,,,,,,,,,,,,,,,,,,,,,,
PRON,AUX,ADP,NOUN,ADV,PUNCT,SPACE,,,,,,,,,,,,,,,,,,,,,
Aaa,,,para,com,isso,,,cara,.,,,,,,,,,,,,,,,,,,,,
INTJ,PUNCT,VERB,ADP,DET,PUNCT,NOUN,PUNCT,SPACE,,,,,,,,,,,,,,,,,,,
Que,pena,,,era,t√£o,novo,.,,,,,,,,,,,,,,,,,,,,,
SCONJ,NOUN,PUNCT,VERB,ADV,ADJ,PUNCT,SPACE,,,,,,,,,,,,,,,,,,,,
Cruzes,!,Deus,me,livre,.,,,,,,,,,,,,,,,,,,,,,,
INTJ,PUNCT,PROPN,PRON,NOUN,PUNCT,SPACE,,,,,,,,,,,,,,,,,,,,,
Ufa,!,Consegui,acabar,o,trabalho,.,,,,,,,,,,,,,,,,,,,,,
INTJ,PUNCT,VERB,VERB,DET,NOUN,PUNCT,SPACE,,,,,,,,,,,,,,,,,,,,
Adorei,,,muito,bom,<3,,,,,,,,,,,,,,,,,,,,,,,
VERB,PUNCT,ADV,ADJ,SYM,SPACE,,,,,,,,,,,,,,,,,,,,,,
Queria,te,ver,:(,,,,,,,,,,,,,,,,,,,,,,,,
VERB,PRON,VERB,SYM,SPACE,,,,,,,,,,,,,,,,,,,,,,,
Pode,confiar,em,mim,;),,,,,,,,,,,,,,,,,,,,,,,
AUX,VERB,ADP,PRON,SYM,SPACE,,,,,,,,,,,,,,,,,,,,,,
Nossa,,,n√£o,sabia,:O,,,,,,,,,,,,,,,,,,,,,,,
INTJ,PUNCT,ADV,VERB,SYM,SPACE,,,,,,,,,,,,,,,,,,,,,,
Esse,produto,custa,os,olhos,da,cara,.,,,,,,,,,,,,,,,,,,,,
DET,NOUN,VERB,DET,NOUN,ADP,NOUN,PUNCT,SPACE,,,,,,,,,,,,,,,,,,,
Eu,que,n√£o,vou,pagar,o,pato,.,,,,,,,,,,,,,,,,,,,,
PRON,SCONJ,ADV,VERB,VERB,DET,NOUN,PUNCT,SPACE,,,,,,,,,,,,,,,,,,,
Tenho,certeza,que,vai,tudo,terminar,em,pizza,.,,,,,,,,,,,,,,,,,,,
VERB,NOUN,SCONJ,AUX,SCONJ,VERB,ADP,NOUN,PUNCT,SPACE,,,,,,,,,,,,,,,,,,
